Fund Name,P1,P2,P3,P4,P5,Score,Rank
M1,0.93,0.86,3.6,39.9,11.32,0.385705571,8
M2,0.61,0.37,5.6,33.2,9.95,0.572342283,3
M3,0.76,0.58,3.1,45.3,12.44,0.416683909,7
M4,0.74,0.55,6.5,52,14.95,0.584233801,2
M5,0.61,0.37,6.3,39.5,11.7,0.605444632,1
M6,0.85,0.72,5.2,67.6,18.59,0.471814555,5
M7,0.95,0.9,5.8,38.6,11.56,0.469110876,6
M8,0.8,0.64,6.2,53.1,15.19,0.545381531,4
